jugador,equipo,precio,rating,win_rounds,loss_rounds, padding_rounds, elim_rounds
m1N1,JiJieHao,223,105,5.99,0.90,0.97,1.11
sinnopsyy,JiJieHao,214,100,5.99,0.90,0.97,1.11
Bibu,JiJieHao,218,105,5.99,0.90,0.97,1.11
CacaNito,JiJieHao,230,114,5.99,0.90,0.97,1.11
0SAMAS,JiJieHao,211,96,5.99,0.90,0.97,1.11

device,100Thieves,223,103,6.44,0.74,0.96,0.80
rain,100Thieves,218,113,6.44,0.74,0.96,0.80
Gizmy,100Thieves,206,101,6.44,0.74,0.96,0.80
sirah,100Thieves,215,103,6.44,0.74,0.96,0.80
poiii,100Thieves,224,110,6.44,0.74,0.96,0.80

stavn,NinjasinPyjamas,216,108,6.40,0.75,0.96,0.83
sjuush,NinjasinPyjamas,207,101,6.40,0.75,0.96,0.83
Krimbo,NinjasinPyjamas,213,106,6.40,0.75,0.96,0.83
adamb,NinjasinPyjamas,220,111,6.40,0.75,0.96,0.83
xKacpersky,NinjasinPyjamas,215,108,6.40,0.75,0.96,0.83

beastik,SINNERS,198,96,4.19,2.68,0.00,2.01
SHOCK,SINNERS,205,103,4.19,2.68,0.00,2.01
MoDo,SINNERS,210,106,4.19,2.68,0.00,2.01
kisserek,SINNERS,206,105,4.19,2.68,0.00,2.01
stressarN,SINNERS,215,112,4.19,2.68,0.00,2.01

MisteM,EternalFire,188,93,5.07,2.00,0.04,1.72
regali,EternalFire,203,107,5.07,2.00,0.04,1.72
soulfly,EternalFire,214,121,5.07,2.00,0.04,1.72
Kvem,EternalFire,211,117,5.07,2.00,0.04,1.72
jottAAA,EternalFire,212,113,5.07,2.00,0.04,1.72

ztr,FOKUS,191,92,4.77,1.92,0.03,2.21
Banjo,FOKUS,201,99,4.77,1.92,0.03,2.21
podi,FOKUS,203,103,4.77,1.92,0.03,2.21
jocab,FOKUS,218,110,4.77,1.92,0.03,2.21
Matheos,FOKUS,208,107,4.77,1.92,0.03,2.21

IceBerg,BBL,182,97,5.11,1.97,0.04,1.70
salazar,BBL,201,101,5.11,1.97,0.04,1.70
leakz,BBL,225,122,5.11,1.97,0.04,1.70
Boye,BBL,198,103,5.11,1.97,0.04,1.70
NickyB,BBL,206,105,5.11,1.97,0.04,1.70

adamS,Sangal,206,112,3.76,2.72,0.00,2.30
bnox,Sangal,197,107,3.76,2.72,0.00,2.30
puuha,Sangal,190,99,3.76,2.72,0.00,2.30
R4DYX,Sangal,202,108,3.76,2.72,0.00,2.30
Joey,Sangal,205,111,3.76,2.72,0.00,2.30

S1mple,BCGame,202,125,5.29,1.15,0.80,1.62
Magisk,BCGame,184,107,5.29,1.15,0.80,1.62
asap,BCGame,200,128,5.29,1.15,0.80,1.62
Senzu,BCGame,215,133,5.29,1.15,0.80,1.62
mzinho,BCGame,181,104,5.29,1.15,0.80,1.62

draken,JohnnySpeeds,205,106,2.09,2.93,0.00,3.90
hampus,JohnnySpeeds,204,106,2.09,2.93,0.00,3.90
Svedjehed,JohnnySpeeds,177,92,2.09,2.93,0.00,3.90
bsover,JohnnySpeeds,194,101,2.09,2.93,0.00,3.90
Rack,JohnnySpeeds,170,87,2.09,2.93,0.00,3.90

acoR,Sashi,197,110,4.50,1.75,0.20,2.36
Cabbi,Sashi,185,96,4.50,1.75,0.20,2.36
Zyphon,Sashi,203,114,4.50,1.75,0.20,2.36
Anlelele,Sashi,189,104,4.50,1.75,0.20,2.36
MistR,Sashi,197,108,4.50,1.75,0.20,2.36

MarKE,Voca,203,119,2.74,2.85,0.00,3.19
junior,Voca,199,114,2.74,2.85,0.00,3.19
nosraC,Voca,183,103,2.74,2.85,0.00,3.19
dare,Voca,188,105,2.74,2.85,0.00,3.19
snav,Voca,189,105,2.74,2.85,0.00,3.19

raalz,9INE,177,103,3.06,2.96,0.00,2.88
rigoN,9INE,183,96,3.06,2.96,0.00,2.88
kraghen,9INE,172,99,3.06,2.96,0.00,2.88
b1elany,9INE,194,114,3.06,2.96,0.00,2.88
flayy,9INE,192,114,3.06,2.96,0.00,2.88

fejtZ,Prestige,195,121,0.42,4.42,0.00,4.00
oopee,Prestige,185,102,0.42,4.42,0.00,4.00
Jelo,Prestige,183,100,0.42,4.42,0.00,4.00
N4XX1S,Prestige,174,93,0.42,4.42,0.00,4.00
qx,Prestige,180,98,0.42,4.42,0.00,4.00

motm,SportsBetExperts,187,120,2.27,2.86,0.00,3.74
Infinite,SportsBetExperts,190,117,2.27,2.86,0.00,3.74
consti,SportsBetExperts,183,113,2.27,2.86,0.00,3.74
shane,SportsBetExperts,181,112,2.27,2.86,0.00,3.74
Peeping,SportsBetExperts,182,115,2.27,2.86,0.00,3.74

kr1vda,BASEMENTBOYS,179,101,2.35,2.85,0.00,3.61
OWNER,BASEMENTBOYS,192,114,2.35,2.85,0.00,3.61
kAlash,BASEMENTBOYS,179,102,2.35,2.85,0.00,3.61
Tr0ublE,BASEMENTBOYS,180,110,2.35,2.85,0.00,3.61
maggent,BASEMENTBOYS,183,107,2.35,2.85,0.00,3.61

uli,HAVU,182,100,1.00,4.00,0.00,4.00
Alxc,HAVU,192,109,1.00,4.00,0.00,4.00
p3kko,HAVU,175,98,1.00,4.00,0.00,4.00
ottob,HAVU,189,107,1.00,4.00,0.00,4.00
8Juho8,HAVU,184,105,1.00,4.00,0.00,4.00

k1to,NordicPartners,184,101,1.93,3.03,0.00,4.00
Maze,NordicPartners,184,95,1.93,3.03,0.00,4.00
Marix,NordicPartners,180,90,1.93,3.03,0.00,4.00
myltsi,NordicPartners,188,101,1.93,3.03,0.00,4.00
Muciek,NordicPartners,185,103,1.93,3.03,0.00,4.00

Wonder,Lilmix,180,90,1.03,3.93,0.00,4.00
p1ke,Lilmix,180,81,1.03,3.93,0.00,4.00
macke,Lilmix,180,91,1.03,3.93,0.00,4.00
chucker,Lilmix,180,91,1.03,3.93,0.00,4.00
Tqezo,Lilmix,180,71,1.03,3.93,0.00,4.00

Bodik,Anteiku,180,112,0.00,5.00,0.00,4.00
madara,Anteiku,180,66,0.00,5.00,0.00,4.00
impulse,Anteiku,180,90,0.00,5.00,0.00,4.00
freq,Anteiku,180,91,0.00,5.00,0.00,4.00
Olicsa,Anteiku,180,76,0.00,5.00,0.00,4.00

md262,MTX,180,92,0.93,4.03,0.00,4.00
yab0ku,MTX,180,87,0.93,4.03,0.00,4.00
EgorMercedes,MTX,180,83,0.93,4.03,0.00,4.00
frakenzor,MTX,180,86,0.93,4.03,0.00,4.00
sen1ar,MTX,180,99,0.93,4.03,0.00,4.00

Viggo,EACEXTRA,180,95,0.03,4.93,0.00,4.00
stesso,EACEXTRA,180,95,0.03,4.93,0.00,4.00
GA1De,EACEXTRA,180,85,0.03,4.93,0.00,4.00
ETYYY,EACEXTRA,180,108,0.03,4.93,0.00,4.00
Fallis,EACEXTRA,180,102,0.03,4.93,0.00,4.00

caravaggio,XEPT,180,84,0.00,5.00,0.00,4.00
Valtr1x,XEPT,180,81,0.00,5.00,0.00,4.00
Gibsand,XEPT,180,86,0.00,5.00,0.00,4.00
zern,XEPT,180,68,0.00,5.00,0.00,4.00
T1mpa,XEPT,180,69,0.00,5.00,0.00,4.00

szejn,Glitch,180,106,0.42,4.42,0.00,4.00
smekk,Glitch,180,104,0.42,4.42,0.00,4.00
shaiK,Glitch,180,114,0.42,4.42,0.00,4.00
Brillo,Glitch,180,95,0.42,4.42,0.00,4.00
rud,Glitch,180,107,0.42,4.42,0.00,4.00

sh1ro,Spirit,225,116,3.00,0.36,1.65,0.00
magixx,Spirit,203,96,3.00,0.36,1.65,0.00
tN1R,Spirit,211,104,3.00,0.36,1.65,0.00
zont1x,Spirit,205,103,3.00,0.36,1.65,0.00
donk,Spirit,250,139,3.00,0.36,1.65,0.00

apEx,Vitality,193,92,2.98,0.81,1.21,0.00
ropz,Vitality,216,105,2.98,0.81,1.21,0.00
ZywOo,Vitality,245,133,2.98,0.81,1.21,0.00
flameZ,Vitality,218,108,2.98,0.81,1.21,0.00
mezii,Vitality,204,102,2.98,0.81,1.21,0.00

Fallen,FURIA,190,91,2.90,1.51,0.58,0.01
yuurih,FURIA,201,94,2.90,1.51,0.58,0.01
YEKINDAR,FURIA,213,106,2.90,1.51,0.58,0.01
KSCERATO,FURIA,225,121,2.90,1.51,0.58,0.01
molodoy,FURIA,219,110,2.90,1.51,0.58,0.01

torzsi,MOUZ,212,108,2.95,1.24,0.81,0.00
Spinx,MOUZ,215,112,2.95,1.24,0.81,0.00
xertioN,MOUZ,218,109,2.95,1.24,0.81,0.00
PR,MOUZ,203,97,2.95,1.24,0.81,0.00
xelex,MOUZ,214,106,2.95,1.24,0.81,0.00

karrigan,Falcons,170,77,2.95,1.14,0.91,0.00
NiKo,Falcons,210,106,2.95,1.14,0.91,0.00
TeSeS,Falcons,201,104,2.95,1.14,0.91,0.00
m0NESY,Falcons,235,140,2.95,1.14,0.91,0.00
kyosuke,Falcons,217,112,2.95,1.14,0.91,0.00

dumau,Legacy,216,113,2.97,1.00,1.02,0.00
bobz,Legacy,185,90,2.97,1.00,1.02,0.00
latto,Legacy,215,118,2.97,1.00,1.02,0.00
n1ssim,Legacy,197,108,2.97,1.00,1.02,0.00
try,Legacy,213,117,2.97,1.00,1.02,0.00

Hunter-,G2,195,95,2.86,1.62,0.51,0.01
NertZ,G2,204,115,2.86,1.62,0.51,0.01
r1nkle,G2,201,99,2.86,1.62,0.51,0.01
HeavyGod,G2,215,108,2.86,1.62,0.51,0.01
MATYS,G2,201,94,2.86,1.62,0.51,0.01

XANTARES,Aurora,203,103,2.66,2.06,0.24,0.03
woxic,Aurora,199,99,2.66,2.06,0.24,0.03
Jimpphat,Aurora,206,113,2.66,2.06,0.24,0.03
kyxsan,Aurora,190,98,2.66,2.06,0.24,0.03
wicadia,Aurora,207,105,2.66,2.06,0.24,0.03

Aleksib,NatusVincere,176,85,1.65,2.88,0.01,0.46
iM,NatusVincere,197,98,1.65,2.88,0.01,0.46
b1t,NatusVincere,204,103,1.65,2.88,0.01,0.46
w0nderful,NatusVincere,206,109,1.65,2.88,0.01,0.46
makazze,NatusVincere,208,103,1.65,2.88,0.01,0.46

Boombl4,BETBOOM,179,95,2.00,2.71,0.03,0.26
zorte,BETBOOM,191,100,2.00,2.71,0.03,0.26
S1ren,BETBOOM,188,101,2.00,2.71,0.03,0.26
d1Ledez,BETBOOM,196,105,2.00,2.71,0.03,0.26
Magnojez,BETBOOM,213,117,2.00,2.71,0.03,0.26

max,9z,177,88,1.87,2.79,0.02,0.32
dgt,9z,201,101,1.87,2.79,0.02,0.32
meyern,9z,184,98,1.87,2.79,0.02,0.32
luchov,9z,202,101,1.87,2.79,0.02,0.32
HUASOPEEK,9z,200,115,1.87,2.79,0.02,0.32

HObbit,PARIVISION,184,90,1.19,2.96,0.00,0.84
FL1T,PARIVISION,200,106,1.19,2.96,0.00,0.84
Jame,PARIVISION,195,100,1.19,2.96,0.00,0.84
xiELO,PARIVISION,187,102,1.19,2.96,0.00,0.84
zweih,PARIVISION,197,107,1.19,2.96,0.00,0.84

slaxz-,M80,196,95,1.33,2.94,0.00,0.73
Swisher,M80,189,89,1.33,2.94,0.00,0.73
s1n,M80,173,92,1.33,2.94,0.00,0.73
jBa,M80,187,93,1.33,2.94,0.00,0.73
Lake,M80,191,99,1.33,2.94,0.00,0.73

JamYoung,TYLOO,194,110,0.75,2.99,0.00,1.27
Jee,TYLOO,186,96,0.75,2.99,0.00,1.27
Mercury,TYLOO,181,99,0.75,2.99,0.00,1.27
Moseyuh,TYLOO,179,81,0.75,2.99,0.00,1.27
Zero,TYLOO,182,102,0.75,2.99,0.00,1.27

Ax1Le,1win,192,100,0.76,2.99,0.00,1.25
nafany,1win,176,97,0.76,2.99,0.00,1.25
BELCHONOKK,1win,171,85,0.76,2.99,0.00,1.25
fame,1win,183,98,0.76,2.99,0.00,1.25
ArtFr0st,1win,183,105,0.76,2.99,0.00,1.25

tom1jed,ShindeN,170,97,0.19,3.00,0.00,1.81
abizz,ShindeN,170,95,0.19,3.00,0.00,1.81
ivz,ShindeN,172,115,0.19,3.00,0.00,1.81
naz,ShindeN,173,99,0.19,3.00,0.00,1.81
guty,ShindeN,175,112,0.19,3.00,0.00,1.81

HooXi,Astralis,189,91,2.15,1.65,0.50,1.70
phzy,Astralis,214,98,2.15,1.65,0.50,1.70
jabbi,Astralis,219,105,2.15,1.65,0.50,1.70
Staehr,Astralis,230,114,2.15,1.65,0.50,1.70
ryu,Astralis,217,100,2.15,1.65,0.50,1.70

frozen,FaZe,222,109,2.14,1.65,0.52,1.69
Twistzz,FaZe,223,113,2.14,1.65,0.52,1.69
Neityu,FaZe,194,98,2.14,1.65,0.52,1.69
jcobbb,FaZe,205,110,2.14,1.65,0.52,1.69
JBOEN,FaZe,215,104,2.14,1.65,0.52,1.69

alex666,B8,196,96,2.65,1.42,0.71,1.22
npl,B8,218,114,2.65,1.42,0.71,1.22
kensizor,B8,213,101,2.65,1.42,0.71,1.22
esenthial,B8,208,106,2.65,1.42,0.71,1.22
s1zzi,B8,206,107,2.65,1.42,0.71,1.22

twist,Alliance,198,99,1.52,1.84,0.27,2.37
eraa,Alliance,210,106,1.52,1.84,0.27,2.37
bobeksde,Alliance,203,101,1.52,1.84,0.27,2.37
upE,Alliance,191,97,1.52,1.84,0.27,2.37
avid,Alliance,203,97,1.52,1.84,0.27,2.37

tabseN,BIG,186,105,1.82,1.77,0.40,2.01
JDC,BIG,194,96,1.82,1.77,0.40,2.01
faveN,BIG,184,95,1.82,1.77,0.40,2.01
blameF,BIG,209,114,1.82,1.77,0.40,2.01
gr1ks,BIG,199,95,1.82,1.77,0.40,2.01

Rainwaker,Luminosity,192,99,1.74,1.79,0.32,2.14
afro,Luminosity,197,102,1.74,1.79,0.32,2.14
lux,Luminosity,181,100,1.74,1.79,0.32,2.14
yxngstxr,Luminosity,189,103,1.74,1.79,0.32,2.14
AZUWU,Luminosity,179,101,1.74,1.79,0.32,2.14

KaiR0N-,Nemiga,194,103,1.21,1.90,0.19,2.69
Xant3r,Nemiga,182,100,1.21,1.90,0.19,2.69
robo,Nemiga,178,103,1.21,1.90,0.19,2.69
khaN,Nemiga,185,74,1.21,1.90,0.19,2.69
syph0,Nemiga,188,109,1.21,1.90,0.19,2.69

fEAR,fnatic,170,87,0.76,1.97,0.09,3.18
jambo,fnatic,191,106,0.76,1.97,0.09,3.18
jackasmo,fnatic,190,92,0.76,1.97,0.09,3.18
cairne,fnatic,184,103,0.76,1.97,0.09,3.18
mazay,fnatic,182,108,0.76,1.97,0.09,3.18

nitr0,NRG,196,98,2.52,1.79,0.30,0.39
Sonic,NRG,220,97,2.52,1.79,0.30,0.39
hallzerk,NRG,218,110,2.52,1.79,0.30,0.39
Grim,NRG,208,106,2.52,1.79,0.30,0.39
Jeorge,NRG,217,96,2.52,1.79,0.30,0.39

NAF,Liquid,211,104,3.03,1.18,0.65,0.14
EliGE,Liquid,216,123,3.03,1.18,0.65,0.14
malbsMd,Liquid,206,104,3.03,1.18,0.65,0.14
JT,Liquid,196,95,3.03,1.18,0.65,0.14
Jorko,Liquid,210,104,3.03,1.18,0.65,0.14

gafolo,DENDELE,184,86,2.41,1.73,0.34,0.52
koala,DENDELE,211,109,2.41,1.73,0.34,0.52
maxxkor,DENDELE,193,93,2.41,1.73,0.34,0.52
rdnzao,DENDELE,194,93,2.41,1.73,0.34,0.52
doc,DENDELE,215,114,2.41,1.73,0.34,0.52

nEMANHA,Wildcard,201,96,1.25,2.09,0.05,1.61
Cxzi,Wildcard,191,97,1.25,2.09,0.05,1.61
reck,Wildcard,190,86,1.25,2.09,0.05,1.61
HexT,Wildcard,203,102,1.25,2.09,0.05,1.61
fr3nd,Wildcard,199,113,1.25,2.09,0.05,1.61

drop,BESTIA,183,81,1.16,2.04,0.07,1.73
kauez,BESTIA,178,105,1.16,2.04,0.07,1.73
cass1n,BESTIA,195,94,1.16,2.04,0.07,1.73
buda,BESTIA,192,100,1.16,2.04,0.07,1.73
timo,BESTIA,194,91,1.16,2.04,0.07,1.73

WolfY,ChickenCoop,180,90,0.14,2.01,0.00,2.86
Drop,ChickenCoop,183,106,0.14,2.01,0.00,2.86
REKMEISTER,ChickenCoop,187,117,0.14,2.01,0.00,2.86
jared,ChickenCoop,173,101,0.14,2.01,0.00,2.86
Crisp,ChickenCoop,185,111,0.14,2.01,0.00,2.86

MaSvAl,magic,225,108,2.64,1.48,0.71,1.16
sFade8,magic,201,91,2.64,1.48,0.71,1.16
AW,magic,213,105,2.64,1.48,0.71,1.16
mo0N,magic,215,106,2.64,1.48,0.71,1.16
tenzy,magic,230,113,2.64,1.48,0.71,1.16

Snax,GamerLegion,184,88,1.55,1.88,0.27,2.30
REZ,GamerLegion,217,105,1.55,1.88,0.27,2.30
Tauson,GamerLegion,208,114,1.55,1.88,0.27,2.30
FL4MUS,GamerLegion,220,114,1.55,1.88,0.27,2.30
hypex,GamerLegion,210,103,1.55,1.88,0.27,2.30

Maka,3DMAX,205,103,1.98,1.80,0.34,1.89
Lucky,3DMAX,209,105,1.98,1.80,0.34,1.89
misutaaa,3DMAX,207,100,1.98,1.80,0.34,1.89
Kursy,3DMAX,202,99,1.98,1.80,0.34,1.89
Gravity,3DMAX,195,90,1.98,1.80,0.34,1.89

clax,K27,187,102,1.32,1.91,0.20,2.56
X5G7V,K27,180,88,1.32,1.91,0.20,2.56
xeedo,K27,193,102,1.32,1.91,0.20,2.56
kashl1d,K27,184,110,1.32,1.91,0.20,2.56
qw1nk1,K27,191,97,1.32,1.91,0.20,2.56

JW,EYEBALLERS,177,91,1.45,1.88,0.24,2.43
KRIMZ,EYEBALLERS,187,106,1.45,1.88,0.24,2.43
maxster,EYEBALLERS,194,107,1.45,1.88,0.24,2.43
Ro1f,EYEBALLERS,181,91,1.45,1.88,0.24,2.43
dex,EYEBALLERS,180,91,1.45,1.88,0.24,2.43

Brollan,HEROIC,202,105,2.86,1.25,0.57,1.31
nilo,HEROIC,216,109,2.86,1.25,0.57,1.31
susp,HEROIC,197,101,2.86,1.25,0.57,1.31
MartinezSa,HEROIC,215,111,2.86,1.25,0.57,1.31
Chr1zN,HEROIC,197,106,2.86,1.25,0.57,1.31

mir,Virtus.pro,196,102,2.22,1.66,0.26,1.86
b1st,Virtus.pro,213,108,2.22,1.66,0.26,1.86
F0R3VER,Virtus.pro,190,95,2.22,1.66,0.26,1.86
AquaRS,Virtus.pro,196,103,2.22,1.66,0.26,1.86
tO0R0,Virtus.pro,196,102,2.22,1.66,0.26,1.86

Demho,Betclic,201,92,2.21,1.53,0.42,1.84
Prism,Betclic,196,98,2.21,1.53,0.42,1.84
ex1st,Betclic,205,106,2.21,1.53,0.42,1.84
ultimate,Betclic,187,79,2.21,1.53,0.42,1.84
Qlocuu,Betclic,196,101,2.21,1.53,0.42,1.84

Fessor,EAC,199,103,0.55,1.97,0.03,3.45
n1Xen,EAC,192,97,0.55,1.97,0.03,3.45
amber,EAC,187,105,0.55,1.97,0.03,3.45
sSen,EAC,184,102,0.55,1.97,0.03,3.45
bekker,EAC,184,101,0.55,1.97,0.03,3.45

TMB,Phantom,176,98,0.97,1.93,0.07,3.03
nicoodoz,Phantom,201,103,0.97,1.93,0.07,3.03
KEi,Phantom,188,109,0.97,1.93,0.07,3.03
Kylar,Phantom,194,110,0.97,1.93,0.07,3.03
cej0t,Phantom,179,100,0.97,1.93,0.07,3.03

gxx-,ASTRAL,182,104,0.65,1.94,0.06,3.35
swiz,ASTRAL,191,109,0.65,1.94,0.06,3.35
RaY5ive,ASTRAL,182,104,0.65,1.94,0.06,3.35
Neqy,ASTRAL,184,103,0.65,1.94,0.06,3.35
meowpop,ASTRAL,176,97,0.65,1.94,0.06,3.35

cptkurtka023,InnerCircle,211,106,5.52,1.09,0.60,0.62
headtr1ck,InnerCircle,212,110,5.52,1.09,0.60,0.62
zerRRoFIX,InnerCircle,200,96,5.52,1.09,0.60,0.62
onic,InnerCircle,194,93,5.52,1.09,0.60,0.62
Dawy,InnerCircle,220,113,5.52,1.09,0.60,0.62

kreaz,INFINITE,184,94,0.00,5.00,0.00,3.00
Blytz,INFINITE,188,92,0.00,5.00,0.00,3.00
kyuubii,INFINITE,173,102,0.00,5.00,0.00,3.00
volt,INFINITE,183,91,0.00,5.00,0.00,3.00
mwlky,INFINITE,175,93,0.00,5.00,0.00,3.00

stanislaw,Metizport,166,99,0.02,4.95,0.00,3.00
Plopski,Metizport,178,105,0.02,4.95,0.00,3.00
F1KU,Metizport,180,107,0.02,4.95,0.00,3.00
forsyy,Metizport,184,113,0.02,4.95,0.00,3.00
Mail09,Metizport,182,113,0.02,4.95,0.00,3.00

LNZ,MIBR,173,87,1,2,0,3
nqz,MIBR,190,112,1,2,0,3
insani,MIBR,198,116,1,2,0,3
venomzera,MIBR,182,103,1,2,0,3
tomaszin,MIBR,186,98,1,2,0,3

xfl0ud,FUT,194,110,3,1,0,0
dem0n,FUT,193,106,3,1,0,0
Krabeni,FUT,191,100,3,1,0,0
cmtry,FUT,184,99,3,1,0,0
dziuigs,FUT,201,112,3,1,0,0

vsm,paiN,194,100,1,2,0,1
biguzera,paiN,187,96,1,2,0,1
piriajr,paiN,198,101,1,2,0,1
saffee,paiN,191,94,1,2,0,1
snow,paiN,197,94,1,2,0,1

Westmelon,LynnVision,187,98,0,2,0,2
z4KR,LynnVision,197,90,0,2,0,2
Starry,LynnVision,190,104,0,2,0,2
EmiliaQAQ,LynnVision,175,84,0,2,0,2
C4LLM3SU3,LynnVision,174,86,0,2,0,2

Blitz,TheMongolz,182,100,0,1,0,3
techno,TheMongolz,178,86,0,1,0,3
910,TheMongolz,206,112,0,1,0,3
tikuak,TheMongolz,205,95,0,1,0,3
DarkMeister,TheMongolz,191,99,0,1,0,3

SELLTER,Nemesis,192,98,2,2,0,1
r3salt,Nemesis,210,117,2,2,0,1
mag1k3Y,Nemesis,196,103,2,2,0,1
tex1y,Nemesis,197,104,2,2,0,1
Sdaim,Nemesis,205,115,2,2,0,1

senka,NuclearTigeRES,182,98,2,2,0,1
m1QUSE,NuclearTigeRES,196,103,2,2,0,1
z1k4,NuclearTigeRES,197,102,2,2,0,1
flouzer,NuclearTigeRES,203,120,2,2,0,1
ayuki,NuclearTigeRES,195,112,2,2,0,1

n0rb3r7,HOTU,195,101,1,2,0,2
kade0,HOTU,183,90,1,2,0,2
mizu,HOTU,202,110,1,2,0,2
dwushka,HOTU,199,93,1,2,0,2
frontales,HOTU,189,110,1,2,0,2

SaMey,Walczaki,192,103,0,2,0,3
bajmi,Walczaki,182,97,0,2,0,3
sk1tt,Walczaki,188,99,0,2,0,3
olimp,Walczaki,193,106,0,2,0,3
moonwalk,Walczaki,181,100,0,2,0,3

CRUC1AL,GentleMates,190,99,0,1,0,1
alex,GentleMates,188,104,0,1,0,1
mopoz,GentleMates,194,106,0,1,0,1
sausol,GentleMates,190,96,0,1,0,1
dav1g,GentleMates,182,93,0,1,0,1

cadiaN,OG,178,87,0,1,0,1
bodyy,OG,176,100,0,1,0,1
spooke,OG,195,104,0,1,0,1
adamb,OG,201,130,0,1,0,1
pr1metapz,OG,181,76,0,1,0,1

Keoz,GenOne,185,0,0,1,0,2
Djoko,GenOne,188,0,0,1,0,2
Brooxsy,GenOne,189,0,0,1,0,2
Chucky,GenOne,202,0,0,1,0,2
bL4SEZ,GenOne,184,0,0,1,0,2

choiv7,Sangrija,180,0,0,1,0,2
kdaN,Sangrija,177,0,0,1,0,2
miwo,Sangrija,180,0,0,1,0,2
VENO,Sangrija,170,0,0,1,0,2
nopzy,Sangrija,180,0,0,1,0,2

jks,FlyQuest,183,0,0,3,0,2
INS,FlyQuest,170,0,0,3,0,2
Vexite,FlyQuest,187,0,0,3,0,2
nettik,FlyQuest,178,0,0,3,0,2
story,FlyQuest,177,0,0,3,0,2

fer,GaiminGladiators ,175,98,1,3,0,1
HEN1,GaiminGladiators ,194,104,1,3,0,1
NEKIZ,GaiminGladiators ,176,87,1,3,0,1
Luken,GaiminGladiators ,213,120,1,3,0,1
JOTA,GaiminGladiators ,195,104,1,3,0,1

dexter,THUNDERdOWNUNDER,166,100,0,3,0,2
Liazz,THUNDERdOWNUNDER,183,117,0,3,0,2
aliStair,THUNDERdOWNUNDER,184,118,0,3,0,2
asap,THUNDERdOWNUNDER,188,123,0,3,0,2
TjP,THUNDERdOWNUNDER,167,103,0,3,0,2

jT,PassionUA,176,97,1,2,0,4
sdy,PassionUA,184,105,1,2,0,4
try,PassionUA,195,111,1,2,0,4
Kvem,PassionUA,182,105,1,2,0,4
nicx,PassionUA,173,92,1,2,0,4

neaLaN,FisherCollege,173,89,0,3,0,2
TH0R,FisherCollege,175,111,0,3,0,2
AlekS,FisherCollege,181,119,0,3,0,2
CrePoW,FisherCollege,178,117,0,3,0,2
corn,FisherCollege,166,100,0,3,0,2

nin9,Huns,175,110,0,3,0,2
sk0R,Huns,181,115,0,3,0,2
Bart4k,Huns,165,97,0,3,0,2
xerolte,Huns,174,109,0,3,0,2
controlez,Huns,170,103,0,3,0,2

SPELLAN,Acend,184,94,0,1,0,3
KalubeR,Acend,205,111,0,1,0,3
h4rn,Acend,208,118,0,1,0,3
shaiK,Acend,195,104,0,1,0,3
Skrimo,Acend,195,108,0,1,0,3

Ax1Le,TDK,209,119,1,1,0,2
nafany,TDK,203,111,1,1,0,2
sugaR,TDK,195,105,1,1,0,2
Xant3r,TDK,194,107,1,1,0,2
ArtFr0st,TDK,211,114,1,1,0,2

NickelBack,SPARTA,182,93,0,1,0,3
Lack1,SPARTA,196,105,0,1,0,3
El1an,SPARTA,188,98,0,1,0,3
Forester,SPARTA,200,109,0,1,0,3
TRAVIS,SPARTA,204,114,0,1,0,3

glowiing,CYBERSHOKE,202,111,0,1,0,3
alpha,CYBERSHOKE,179,92,0,1,0,3
bl1x1,CYBERSHOKE,195,103,0,1,0,3
Alkaren,CYBERSHOKE,189,103,0,1,0,3
Mokuj1n,CYBERSHOKE,200,113,0,1,0,3

4X1s,Ursa,184,110,0,1,0,3
k0s,Ursa,190,114,0,1,0,3
karnez,Ursa,191,114,0,1,0,3
Alv,Ursa,195,119,0,1,0,3
Salazar,Ursa,176,96,0,1,0,3

YumsaN,ex-Ruby,184,105,0,1,0,3
danistzz,ex-Ruby,188,108,0,1,0,3
H4SAN4TOR,ex-Ruby,183,104,0,1,0,3
Kaide,ex-Ruby,198,114,0,1,0,3
sh1nejezzz,ex-Ruby,179,103,0,1,0,3

Kurama,Oxuji,187,106,0,1,0,3
k1ssly,Oxuji,175,97,0,1,0,3
fluffy,Oxuji,190,109,0,1,0,3
ayano,Oxuji,183,104,0,1,0,3
HeCkBNk,Oxuji,184,106,0,1,0,3

dav1deus,redCanids,195,103,14,20,66,34
drop,redCanids,195,103,14,20,66,34
chayJESUS,redCanids,195,103,14,20,66,34
kauez,redCanids,195,103,14,20,66,34
reNTU,redCanids,195,103,14,20,66,34

hazr,SemperFi,200,100,16,141,5,117
keen,SemperFi,200,100,16,141,5,117
shadiy,SemperFi,200,100,16,141,5,117
addict,SemperFi,200,100,16,141,5,117
savage,SemperFi,200,100,16,141,5,117