rol,jugador1,jugador2,jugador3,jugador4,jugador5
(1)AWP,0/0,0/0,0/0,0/0,0/0
(2)support,19/44,24/62,21/50,29/60,38/44
(3)Attacker,53/35,29/48,21/40,34/40,28/41
(4)IGL,46/19,43/38,40/19,37/26,31/28
(5)Stathunter,32/54,24/57,19/40,29/37,16/38
(6)Entry,18/46,29/57,8/52,29/40,9/38
(7)Camper,14/33,10/52,12/25,14/31,28/28
(8)Defender,28/44,24/52,25/33,20/43,9/41
(9)HS,46/53,43/43,35/35,43/37,16/38
(10)Noob,4/21,14/33,25/38,20/31,16/50
(11)multi,42/46,48/24,23/35,23/43,19/34
(12)eco,9/33,0/24,52/33,26/43,34/50
